{
  "train_loss": [
    0.5222502286084975,
    0.2416501424780197,
    0.1798543997786262,
    0.14993664577151788,
    0.11486978791277817,
    0.09097257610222306,
    0.07339490107213607,
    0.07533306196984217,
    0.06842811357995075,
    0.05620338346319969,
    0.03301453444893512,
    0.04143197616242399,
    0.03806895577044599,
    0.03778667364156607,
    0.03670794311095568,
    0.02900038305858169,
    0.031629355066151735,
    0.02329303208826367,
    0.01991620549449214,
    0.028130695650272496,
    0.02313651089315061
  ],
  "train_acc": [
    0.8232323232323232,
    0.9116161616161617,
    0.9377104377104377,
    0.9522306397306397,
    0.9585437710437711,
    0.9684343434343434,
    0.9783249158249159,
    0.9772727272727273,
    0.9768518518518519,
    0.984006734006734,
    0.98989898989899,
    0.9869528619528619,
    0.9896885521885522,
    0.9886363636363636,
    0.9903198653198653,
    0.9896885521885522,
    0.992003367003367,
    0.9932659932659933,
    0.9936868686868687,
    0.9936868686868687,
    0.9928451178451179
  ],
  "val_loss": [
    0.2332296588591167,
    0.160567950067066,
    0.10546445534342812,
    0.09880230611278898,
    0.050323892065456934,
    0.06120602062770299,
    0.06026795918033236,
    0.057744168099902925,
    0.05585269913786933,
    0.050998611251513164,
    0.049065643832797094,
    0.10312641106900715,
    0.07160732022353582,
    0.04181535868417649,
    0.051930153795651024,
    0.04336869943709601,
    0.05580654754525139,
    0.0662396517537889,
    0.06757372788020542,
    0.04893688701447987,
    0.04537067853269123
  ],
  "val_acc": [
    0.9154761904761904,
    0.95,
    0.9678571428571429,
    0.9666666666666667,
    0.9821428571428571,
    0.9809523809523809,
    0.9845238095238096,
    0.9857142857142858,
    0.9845238095238096,
    0.986904761904762,
    0.9892857142857143,
    0.9761904761904762,
    0.9845238095238096,
    0.9916666666666667,
    0.9880952380952381,
    0.9880952380952381,
    0.9880952380952381,
    0.9904761904761905,
    0.986904761904762,
    0.9892857142857143,
    0.9904761904761905
  ],
  "lr": [
    0.0001,
    0.0001,
    0.0001,
    0.0001,
    0.0001,
    0.0001,
    0.0001,
    0.0001,
    5e-05,
    5e-05,
    5e-05,
    5e-05,
    5e-05,
    5e-05,
    5e-05,
    5e-05,
    5e-05,
    2.5e-05,
    2.5e-05,
    2.5e-05,
    2.5e-05
  ]
}